,Aproval,Cost of haircut,Education,People per square mile
Aproval,0.9999999999999998,-0.20773235643748134,0.05360584476860399,0.08551918968215193
Cost of haircut,-0.20773235643748134,0.9999999999999998,-0.2852614910670205,0.057166176665261935
Education,0.05360584476860399,-0.2852614910670205,1.0000000000000002,-0.2752556721594855
People per square mile,0.08551918968215193,0.057166176665261935,-0.2752556721594855,1.0000000000000002
