,Aproval,Cost of haircut,Education,People per square mile
Aproval,75.83843137254901,-7.769019607843136,153.6007843137255,204.146274509804
Cost of haircut,-7.769019607843136,18.44313725490196,-403.0854901960783,67.29607843137259
Education,153.6007843137255,-403.0854901960783,108261.29960784304,-24825.96313725489
People per square mile,204.146274509804,67.29607843137259,-24825.96313725489,75139.17490196078
