,Summary,Size of Government,Legal System & Property Rights,Sound Money,Freedom to trade internationally,Regulation
mean,6.6484324536791854,6.613563079632573,5.284701020086062,7.7913555621692705,6.804834868514069,6.763505558737338
median,6.782697212986121,6.661603710081294,5.098843444327211,8.115611709517552,7.05025298881993,6.889908806468011
variance,1.2537578710471253,1.454109000433079,2.835931516109275,3.1391021472228298,2.7467784795011982,1.3867035510436032
standard deviation,1.119874861728106,1.2060384142763698,1.6842654086465334,1.772006798239912,1.6575799228281887,1.177753689906611
skewness,-0.0016784553739656106,-2.6843415107672435e-07,-3.6480802141054855e-05,-0.0001595996969729561,-0.003780198057499547,-0.006212064775540797
kurtosis,11338.311784993799,9269.440888719691,8267.829702025701,19523.897680193888,15373.07698588295,10844.005708143315
