,Freedom to trade internationally,Legal System & Property Rights,Regulation,Size of Government,Sound Money,Summary
Freedom to trade internationally,1.0,0.6286425802426796,0.6622453920585262,0.15898675801805745,0.6982459033606957,0.879241194739093
Legal System & Property Rights,0.6286425802426796,1.0000000000000002,0.6314738162063415,-0.11373748576275362,0.5175562679507674,0.7610164220511451
Regulation,0.6622453920585262,0.6314738162063415,1.0,0.16616467001842664,0.5983916252725907,0.8249572887635302
Size of Government,0.15898675801805745,-0.11373748576275362,0.16616467001842664,0.9999999999999999,0.14662872053834136,0.3119018225031262
Sound Money,0.6982459033606957,0.5175562679507674,0.5983916252725907,0.14662872053834136,0.9999999999999999,0.8391100804500008
Summary,0.879241194739093,0.7610164220511451,0.8249572887635302,0.3119018225031262,0.8391100804500008,1.0
