,Freedom to trade internationally,Legal System & Property Rights,Regulation,Size of Government,Sound Money,Summary
Freedom to trade internationally,2.7475712005631037,1.755047200812214,1.292849275720113,0.3178312326914571,2.0509178164288144,1.6321196798415893
Legal System & Property Rights,1.755047200812214,2.8367499667632745,1.2526229091064522,-0.2310336789983569,1.544662081152096,1.435403674846531
Regulation,1.292849275720113,1.2526229091064522,1.3871037540886375,0.2360229879294028,1.2488358690759294,1.0880664858535491
Size of Government,0.3178312326914571,-0.2310336789983569,0.2360229879294028,1.4545286567102604,0.31336145114068903,0.4212583762416148
Sound Money,2.0509178164288144,1.544662081152096,1.2488358690759294,0.31336145114068903,3.140008093008464,1.6651517498789559
Summary,1.6321196798415893,1.435403674846531,1.0880664858535491,0.4212583762416148,1.6651517498789559,1.2541197059305444
